filename,source_url,pages,variant_count,variant_urls,status,http_status,content_type,bytes,width,height,format,sha256,web_filename,web_width,web_height,web_bytes
142b26_04f61d366de9472cb87db76b28b272fc~mv2.jpg,https://static.wixstatic.com/media/142b26_04f61d366de9472cb87db76b28b272fc~mv2.jpg,home,5,"https://static.wixstatic.com/media/142b26_04f61d366de9472cb87db76b28b272fc~mv2.jpg/v1/fit/w_1440,h_2559,q_90,enc_avif,quality_auto/142b26_04f61d366de9472cb87db76b28b272fc~mv2.jpg | https://static.wixstatic.com/media/142b26_04f61d366de9472cb87db76b28b272fc~mv2.jpg/v1/fit/w_1920,h_3412,q_90,enc_avif,quality_auto/142b26_04f61d366de9472cb87db76b28b272fc~mv2.jpg | https://static.wixstatic.com/media/142b26_04f61d366de9472cb87db76b28b272fc~mv2.jpg/v1/fit/w_2160,h_3838,q_90,enc_avif,quality_auto/142b26_04f61d366de9472cb87db76b28b272fc~mv2.jpg | https://static.wixstatic.com/media/142b26_04f61d366de9472cb87db76b28b272fc~mv2.jpg/v1/fit/w_480,h_853,q_90,enc_avif,quality_auto/142b26_04f61d366de9472cb87db76b28b272fc~mv2.jpg | https://static.wixstatic.com/media/142b26_04f61d366de9472cb87db76b28b272fc~mv2.jpg/v1/fit/w_960,h_1706,q_90,enc_avif,quality_auto/142b26_04f61d366de9472cb87db76b28b272fc~mv2.jpg",downloaded,200,image/jpeg,6378814,3840,2160,JPEG,6d42771daaf13099f61f701e00d4a32e32aa25f59bf51ddca4789a44bb222b2d,142b26_04f61d366de9472cb87db76b28b272fc~mv2.webp,1920,1080,416526
142b26_07ba6ec4ef4e49d680a53ab9a3362f25~mv2.jpg,https://static.wixstatic.com/media/142b26_07ba6ec4ef4e49d680a53ab9a3362f25~mv2.jpg,"gallery,home",6,"https://static.wixstatic.com/media/142b26_07ba6ec4ef4e49d680a53ab9a3362f25~mv2.jpg/v1/fill/w_140,h_140,q_70,enc_avif,quality_auto/142b26_07ba6ec4ef4e49d680a53ab9a3362f25~mv2.jpg | https://static.wixstatic.com/media/142b26_07ba6ec4ef4e49d680a53ab9a3362f25~mv2.jpg/v1/fit/w_1440,h_2559,q_90,enc_avif,quality_auto/142b26_07ba6ec4ef4e49d680a53ab9a3362f25~mv2.jpg | https://static.wixstatic.com/media/142b26_07ba6ec4ef4e49d680a53ab9a3362f25~mv2.jpg/v1/fit/w_1920,h_3412,q_90,enc_avif,quality_auto/142b26_07ba6ec4ef4e49d680a53ab9a3362f25~mv2.jpg | https://static.wixstatic.com/media/142b26_07ba6ec4ef4e49d680a53ab9a3362f25~mv2.jpg/v1/fit/w_2160,h_3838,q_90,enc_avif,quality_auto/142b26_07ba6ec4ef4e49d680a53ab9a3362f25~mv2.jpg | https://static.wixstatic.com/media/142b26_07ba6ec4ef4e49d680a53ab9a3362f25~mv2.jpg/v1/fit/w_480,h_853,q_90,enc_avif,quality_auto/142b26_07ba6ec4ef4e49d680a53ab9a3362f25~mv2.jpg | https://static.wixstatic.com/media/142b26_07ba6ec4ef4e49d680a53ab9a3362f25~mv2.jpg/v1/fit/w_960,h_1706,q_90,enc_avif,quality_auto/142b26_07ba6ec4ef4e49d680a53ab9a3362f25~mv2.jpg",downloaded,200,image/jpeg,7126675,3840,2160,JPEG,faf0a2f8816c5896dd95808f3033836842a4ed8c02c96356e688203c70bdcf29,142b26_07ba6ec4ef4e49d680a53ab9a3362f25~mv2.webp,1920,1080,463394
142b26_0a06770949f24d62ab85c008dbe65a0c~mv2.png,https://static.wixstatic.com/media/142b26_0a06770949f24d62ab85c008dbe65a0c~mv2.png,home,1,"https://static.wixstatic.com/media/142b26_0a06770949f24d62ab85c008dbe65a0c~mv2.png/v1/fill/w_100,h_70,al_c,q_85,usm_0.66_1.00_0.01,blur_3,enc_avif,quality_auto/142b26_0a06770949f24d62ab85c008dbe65a0c~mv2.png",downloaded,200,image/png,616419,1320,930,JPEG,d584595818a1f0b345c41d31c00311f61c9e67da4df1f34af2fdb9dbe28d6b54,142b26_0a06770949f24d62ab85c008dbe65a0c~mv2.webp,1320,930,391104
142b26_0fee06470ac2445c9ff7742be6377273~mv2.jpg,https://static.wixstatic.com/media/142b26_0fee06470ac2445c9ff7742be6377273~mv2.jpg,home,5,"https://static.wixstatic.com/media/142b26_0fee06470ac2445c9ff7742be6377273~mv2.jpg/v1/fit/w_1440,h_2559,q_90,enc_avif,quality_auto/142b26_0fee06470ac2445c9ff7742be6377273~mv2.jpg | https://static.wixstatic.com/media/142b26_0fee06470ac2445c9ff7742be6377273~mv2.jpg/v1/fit/w_1920,h_3412,q_90,enc_avif,quality_auto/142b26_0fee06470ac2445c9ff7742be6377273~mv2.jpg | https://static.wixstatic.com/media/142b26_0fee06470ac2445c9ff7742be6377273~mv2.jpg/v1/fit/w_2400,h_4265,q_90,enc_avif,quality_auto/142b26_0fee06470ac2445c9ff7742be6377273~mv2.jpg | https://static.wixstatic.com/media/142b26_0fee06470ac2445c9ff7742be6377273~mv2.jpg/v1/fit/w_480,h_853,q_90,enc_avif,quality_auto/142b26_0fee06470ac2445c9ff7742be6377273~mv2.jpg | https://static.wixstatic.com/media/142b26_0fee06470ac2445c9ff7742be6377273~mv2.jpg/v1/fit/w_960,h_1706,q_90,enc_avif,quality_auto/142b26_0fee06470ac2445c9ff7742be6377273~mv2.jpg",downloaded,200,image/jpeg,23280915,7680,4320,JPEG,2e8d40f6e1fc5c15430f977a9527eea113f3319ac2fd76f51c8968120788148f,142b26_0fee06470ac2445c9ff7742be6377273~mv2.webp,1920,1080,443096
142b26_13ce857bed164143a7d79ce6cef3668e~mv2.jpg,https://static.wixstatic.com/media/142b26_13ce857bed164143a7d79ce6cef3668e~mv2.jpg,"gallery,home",6,"https://static.wixstatic.com/media/142b26_13ce857bed164143a7d79ce6cef3668e~mv2.jpg/v1/fill/w_1265,h_561,al_c,q_85,usm_0.66_1.00_0.01,enc_avif,quality_auto/142b26_13ce857bed164143a7d79ce6cef3668e~mv2.jpg | https://static.wixstatic.com/media/142b26_13ce857bed164143a7d79ce6cef3668e~mv2.jpg/v1/fit/w_1440,h_2559,q_90,enc_avif,quality_auto/142b26_13ce857bed164143a7d79ce6cef3668e~mv2.jpg | https://static.wixstatic.com/media/142b26_13ce857bed164143a7d79ce6cef3668e~mv2.jpg/v1/fit/w_1920,h_3412,q_90,enc_avif,quality_auto/142b26_13ce857bed164143a7d79ce6cef3668e~mv2.jpg | https://static.wixstatic.com/media/142b26_13ce857bed164143a7d79ce6cef3668e~mv2.jpg/v1/fit/w_2160,h_3838,q_90,enc_avif,quality_auto/142b26_13ce857bed164143a7d79ce6cef3668e~mv2.jpg | https://static.wixstatic.com/media/142b26_13ce857bed164143a7d79ce6cef3668e~mv2.jpg/v1/fit/w_480,h_853,q_90,enc_avif,quality_auto/142b26_13ce857bed164143a7d79ce6cef3668e~mv2.jpg | https://static.wixstatic.com/media/142b26_13ce857bed164143a7d79ce6cef3668e~mv2.jpg/v1/fit/w_960,h_1706,q_90,enc_avif,quality_auto/142b26_13ce857bed164143a7d79ce6cef3668e~mv2.jpg",downloaded,200,image/jpeg,6026032,3840,2160,JPEG,7c8bc295199a7fb0dd54a5752bc15a40164fdcbc12a890a99c7a32a6d693c22c,142b26_13ce857bed164143a7d79ce6cef3668e~mv2.webp,1920,1080,353610
142b26_2235b92732644760a1cb0e9f8324f090~mv2.png,https://static.wixstatic.com/media/142b26_2235b92732644760a1cb0e9f8324f090~mv2.png,home,1,"https://static.wixstatic.com/media/142b26_2235b92732644760a1cb0e9f8324f090~mv2.png/v1/fill/w_49,h_49,al_c,q_85,usm_0.66_1.00_0.01,blur_2,enc_avif,quality_auto/4.png",downloaded,200,image/png,34955,1080,1080,PNG,df0bb65d86dc96537ee2b770fc585c2cee9f1dc013d1ade5823b7ae6071a1c91,142b26_2235b92732644760a1cb0e9f8324f090~mv2.webp,1080,1080,13522
142b26_23939c28cc8644418fb4edd76ddc1ab2~mv2.png,https://static.wixstatic.com/media/142b26_23939c28cc8644418fb4edd76ddc1ab2~mv2.png,home,1,"https://static.wixstatic.com/media/142b26_23939c28cc8644418fb4edd76ddc1ab2~mv2.png/v1/fill/w_49,h_49,al_c,q_85,usm_0.66_1.00_0.01,blur_2,enc_avif,quality_auto/6.png",downloaded,200,image/png,24627,1080,1080,PNG,c63724fa74fb476ecd9b6c152d4f68c1c1ce6d0743d116c8c1157f3f7cecb7de,142b26_23939c28cc8644418fb4edd76ddc1ab2~mv2.webp,1080,1080,10598
142b26_34c58cd885c64ddebbae12791465bbe3~mv2.jpg,https://static.wixstatic.com/media/142b26_34c58cd885c64ddebbae12791465bbe3~mv2.jpg,home,5,"https://static.wixstatic.com/media/142b26_34c58cd885c64ddebbae12791465bbe3~mv2.jpg/v1/fit/w_1440,h_2559,q_90,enc_avif,quality_auto/142b26_34c58cd885c64ddebbae12791465bbe3~mv2.jpg | https://static.wixstatic.com/media/142b26_34c58cd885c64ddebbae12791465bbe3~mv2.jpg/v1/fit/w_1920,h_3412,q_90,enc_avif,quality_auto/142b26_34c58cd885c64ddebbae12791465bbe3~mv2.jpg | https://static.wixstatic.com/media/142b26_34c58cd885c64ddebbae12791465bbe3~mv2.jpg/v1/fit/w_2160,h_3838,q_90,enc_avif,quality_auto/142b26_34c58cd885c64ddebbae12791465bbe3~mv2.jpg | https://static.wixstatic.com/media/142b26_34c58cd885c64ddebbae12791465bbe3~mv2.jpg/v1/fit/w_480,h_853,q_90,enc_avif,quality_auto/142b26_34c58cd885c64ddebbae12791465bbe3~mv2.jpg | https://static.wixstatic.com/media/142b26_34c58cd885c64ddebbae12791465bbe3~mv2.jpg/v1/fit/w_960,h_1706,q_90,enc_avif,quality_auto/142b26_34c58cd885c64ddebbae12791465bbe3~mv2.jpg",downloaded,200,image/jpeg,7331362,3840,2160,JPEG,5c55b37a2ef47b510e1f196f3dff2962c66fde35f1e30b1a6c16b2806ac060fc,142b26_34c58cd885c64ddebbae12791465bbe3~mv2.webp,1920,1080,487384
142b26_37794a02783f4736bac189f109c1d8f3f000.jpg,https://static.wixstatic.com/media/142b26_37794a02783f4736bac189f109c1d8f3f000.jpg,home,1,"https://static.wixstatic.com/media/142b26_37794a02783f4736bac189f109c1d8f3f000.jpg/v1/fill/w_1080,h_939,al_c,q_85,usm_0.33_1.00_0.00,enc_avif,quality_auto/142b26_37794a02783f4736bac189f109c1d8f3f000.jpg",downloaded,200,image/jpeg,24522,1080,1920,JPEG,e122ba9f63769c89a2064fdd3a4358aca4f44e84375b96571ba0684571c8317e,142b26_37794a02783f4736bac189f109c1d8f3f000.webp,1080,1920,3776
142b26_3a60dc75703c4cc2a29c6d44f41b8e21~mv2.png,https://static.wixstatic.com/media/142b26_3a60dc75703c4cc2a29c6d44f41b8e21~mv2.png,home,3,"https://static.wixstatic.com/media/142b26_3a60dc75703c4cc2a29c6d44f41b8e21~mv2.png/v1/fit/w_1920,h_927,q_90,enc_avif,quality_auto/142b26_3a60dc75703c4cc2a29c6d44f41b8e21~mv2.png | https://static.wixstatic.com/media/142b26_3a60dc75703c4cc2a29c6d44f41b8e21~mv2.png/v1/fit/w_3840,h_1854,q_90,enc_avif,quality_auto/142b26_3a60dc75703c4cc2a29c6d44f41b8e21~mv2.png | https://static.wixstatic.com/media/142b26_3a60dc75703c4cc2a29c6d44f41b8e21~mv2.png/v1/fit/w_4638,h_2239,q_90,enc_avif,quality_auto/142b26_3a60dc75703c4cc2a29c6d44f41b8e21~mv2.png",downloaded,200,image/png,8029227,3840,2705,PNG,cca22ffda00e4285e78f5a77761c3398dfd492acb819b613278f18ed4d55b554,142b26_3a60dc75703c4cc2a29c6d44f41b8e21~mv2.webp,1920,1352,943256
142b26_567e195b978947c9b29be195842095af~mv2.jpg,https://static.wixstatic.com/media/142b26_567e195b978947c9b29be195842095af~mv2.jpg,"gallery,home",6,"https://static.wixstatic.com/media/142b26_567e195b978947c9b29be195842095af~mv2.jpg/v1/fill/w_140,h_140,q_70,enc_avif,quality_auto/142b26_567e195b978947c9b29be195842095af~mv2.jpg | https://static.wixstatic.com/media/142b26_567e195b978947c9b29be195842095af~mv2.jpg/v1/fit/w_1440,h_2559,q_90,enc_avif,quality_auto/142b26_567e195b978947c9b29be195842095af~mv2.jpg | https://static.wixstatic.com/media/142b26_567e195b978947c9b29be195842095af~mv2.jpg/v1/fit/w_1920,h_3412,q_90,enc_avif,quality_auto/142b26_567e195b978947c9b29be195842095af~mv2.jpg | https://static.wixstatic.com/media/142b26_567e195b978947c9b29be195842095af~mv2.jpg/v1/fit/w_2160,h_3838,q_90,enc_avif,quality_auto/142b26_567e195b978947c9b29be195842095af~mv2.jpg | https://static.wixstatic.com/media/142b26_567e195b978947c9b29be195842095af~mv2.jpg/v1/fit/w_480,h_853,q_90,enc_avif,quality_auto/142b26_567e195b978947c9b29be195842095af~mv2.jpg | https://static.wixstatic.com/media/142b26_567e195b978947c9b29be195842095af~mv2.jpg/v1/fit/w_960,h_1706,q_90,enc_avif,quality_auto/142b26_567e195b978947c9b29be195842095af~mv2.jpg",downloaded,200,image/jpeg,6343074,3840,2160,JPEG,038163f5ea908e6cb2b9388e9c4f4c1533f4f0391a4775ff246c159285e4d74e,142b26_567e195b978947c9b29be195842095af~mv2.webp,1920,1080,368806
142b26_5a1d622ef5d5437aa5da964188a3266e~mv2.png,https://static.wixstatic.com/media/142b26_5a1d622ef5d5437aa5da964188a3266e~mv2.png,home,4,"https://static.wixstatic.com/media/142b26_5a1d622ef5d5437aa5da964188a3266e~mv2.png/v1/fill/w_2500,h_1761,al_c/142b26_5a1d622ef5d5437aa5da964188a3266e~mv2.png | https://static.wixstatic.com/media/142b26_5a1d622ef5d5437aa5da964188a3266e~mv2.png/v1/fit/w_1920,h_927,q_90,enc_avif,quality_auto/142b26_5a1d622ef5d5437aa5da964188a3266e~mv2.png | https://static.wixstatic.com/media/142b26_5a1d622ef5d5437aa5da964188a3266e~mv2.png/v1/fit/w_3840,h_1854,q_90,enc_avif,quality_auto/142b26_5a1d622ef5d5437aa5da964188a3266e~mv2.png | https://static.wixstatic.com/media/142b26_5a1d622ef5d5437aa5da964188a3266e~mv2.png/v1/fit/w_4638,h_2239,q_90,enc_avif,quality_auto/142b26_5a1d622ef5d5437aa5da964188a3266e~mv2.png",downloaded,200,image/png,7644138,3840,2705,PNG,9b8c12cb1e9788bf1f2808faa9a02a6b4a6eb43f5b1401eb41927971279bb737,142b26_5a1d622ef5d5437aa5da964188a3266e~mv2.webp,1920,1352,963292
142b26_5a78474b934e4251b54ce25e16770c68~mv2.jpg,https://static.wixstatic.com/media/142b26_5a78474b934e4251b54ce25e16770c68~mv2.jpg,"gallery,home",6,"https://static.wixstatic.com/media/142b26_5a78474b934e4251b54ce25e16770c68~mv2.jpg/v1/fill/w_140,h_140,q_70,enc_avif,quality_auto/142b26_5a78474b934e4251b54ce25e16770c68~mv2.jpg | https://static.wixstatic.com/media/142b26_5a78474b934e4251b54ce25e16770c68~mv2.jpg/v1/fit/w_1440,h_2559,q_90,enc_avif,quality_auto/142b26_5a78474b934e4251b54ce25e16770c68~mv2.jpg | https://static.wixstatic.com/media/142b26_5a78474b934e4251b54ce25e16770c68~mv2.jpg/v1/fit/w_1920,h_3412,q_90,enc_avif,quality_auto/142b26_5a78474b934e4251b54ce25e16770c68~mv2.jpg | https://static.wixstatic.com/media/142b26_5a78474b934e4251b54ce25e16770c68~mv2.jpg/v1/fit/w_2160,h_3838,q_90,enc_avif,quality_auto/142b26_5a78474b934e4251b54ce25e16770c68~mv2.jpg | https://static.wixstatic.com/media/142b26_5a78474b934e4251b54ce25e16770c68~mv2.jpg/v1/fit/w_480,h_853,q_90,enc_avif,quality_auto/142b26_5a78474b934e4251b54ce25e16770c68~mv2.jpg | https://static.wixstatic.com/media/142b26_5a78474b934e4251b54ce25e16770c68~mv2.jpg/v1/fit/w_960,h_1706,q_90,enc_avif,quality_auto/142b26_5a78474b934e4251b54ce25e16770c68~mv2.jpg",downloaded,200,image/jpeg,6865865,3840,2160,JPEG,9b79c05d0bdd2e7cfbb1d517962302f7a64e7cae70f20cef37cb25f783e750fa,142b26_5a78474b934e4251b54ce25e16770c68~mv2.webp,1920,1080,427638
142b26_5f7c47258d394edcbf818b25e3b12965~mv2.jpg,https://static.wixstatic.com/media/142b26_5f7c47258d394edcbf818b25e3b12965~mv2.jpg,home,2,"https://static.wixstatic.com/media/142b26_5f7c47258d394edcbf818b25e3b12965~mv2.jpg/v1/fit/w_1320,h_700,q_90,enc_avif,quality_auto/142b26_5f7c47258d394edcbf818b25e3b12965~mv2.jpg | https://static.wixstatic.com/media/142b26_5f7c47258d394edcbf818b25e3b12965~mv2.jpg/v1/fit/w_1521,h_806,q_90,enc_avif,quality_auto/142b26_5f7c47258d394edcbf818b25e3b12965~mv2.jpg",downloaded,200,image/jpeg,252105,1320,930,JPEG,e24b4e402549b408076ceb98fc88f31a2fd5dc2708dcff70f7199d2152975147,142b26_5f7c47258d394edcbf818b25e3b12965~mv2.webp,1320,930,319870
142b26_6d9404833faf412a9db0b9f126feac43~mv2.png,https://static.wixstatic.com/media/142b26_6d9404833faf412a9db0b9f126feac43~mv2.png,home,1,"https://static.wixstatic.com/media/142b26_6d9404833faf412a9db0b9f126feac43~mv2.png/v1/fill/w_49,h_49,al_c,q_85,usm_0.66_1.00_0.01,blur_2,enc_avif,quality_auto/5.png",downloaded,200,image/png,37290,1080,1080,PNG,e9bf7f478a02682c6162be2d7c11aafcd0879fee697da91114b0d282a65eab83,142b26_6d9404833faf412a9db0b9f126feac43~mv2.webp,1080,1080,14320
142b26_86e04d7ce83d497997bdac2c29efe900~mv2.jpg,https://static.wixstatic.com/media/142b26_86e04d7ce83d497997bdac2c29efe900~mv2.jpg,home,5,"https://static.wixstatic.com/media/142b26_86e04d7ce83d497997bdac2c29efe900~mv2.jpg/v1/fit/w_1440,h_2559,q_90,enc_avif,quality_auto/142b26_86e04d7ce83d497997bdac2c29efe900~mv2.jpg | https://static.wixstatic.com/media/142b26_86e04d7ce83d497997bdac2c29efe900~mv2.jpg/v1/fit/w_1920,h_3412,q_90,enc_avif,quality_auto/142b26_86e04d7ce83d497997bdac2c29efe900~mv2.jpg | https://static.wixstatic.com/media/142b26_86e04d7ce83d497997bdac2c29efe900~mv2.jpg/v1/fit/w_2400,h_4265,q_90,enc_avif,quality_auto/142b26_86e04d7ce83d497997bdac2c29efe900~mv2.jpg | https://static.wixstatic.com/media/142b26_86e04d7ce83d497997bdac2c29efe900~mv2.jpg/v1/fit/w_480,h_853,q_90,enc_avif,quality_auto/142b26_86e04d7ce83d497997bdac2c29efe900~mv2.jpg | https://static.wixstatic.com/media/142b26_86e04d7ce83d497997bdac2c29efe900~mv2.jpg/v1/fit/w_960,h_1706,q_90,enc_avif,quality_auto/142b26_86e04d7ce83d497997bdac2c29efe900~mv2.jpg",downloaded,200,image/jpeg,3444770,4100,4320,JPEG,291a307f9666c09eb5533e58f4468fae49dddca705200421363580d0d3658817,142b26_86e04d7ce83d497997bdac2c29efe900~mv2.webp,1822,1920,528558
142b26_87ac7f7d92a145b9aa2740c4a6898410~mv2.jpg,https://static.wixstatic.com/media/142b26_87ac7f7d92a145b9aa2740c4a6898410~mv2.jpg,"gallery,home",6,"https://static.wixstatic.com/media/142b26_87ac7f7d92a145b9aa2740c4a6898410~mv2.jpg/v1/fill/w_140,h_140,q_70,enc_avif,quality_auto/142b26_87ac7f7d92a145b9aa2740c4a6898410~mv2.jpg | https://static.wixstatic.com/media/142b26_87ac7f7d92a145b9aa2740c4a6898410~mv2.jpg/v1/fit/w_1440,h_2559,q_90,enc_avif,quality_auto/142b26_87ac7f7d92a145b9aa2740c4a6898410~mv2.jpg | https://static.wixstatic.com/media/142b26_87ac7f7d92a145b9aa2740c4a6898410~mv2.jpg/v1/fit/w_1920,h_3412,q_90,enc_avif,quality_auto/142b26_87ac7f7d92a145b9aa2740c4a6898410~mv2.jpg | https://static.wixstatic.com/media/142b26_87ac7f7d92a145b9aa2740c4a6898410~mv2.jpg/v1/fit/w_2160,h_3838,q_90,enc_avif,quality_auto/142b26_87ac7f7d92a145b9aa2740c4a6898410~mv2.jpg | https://static.wixstatic.com/media/142b26_87ac7f7d92a145b9aa2740c4a6898410~mv2.jpg/v1/fit/w_480,h_853,q_90,enc_avif,quality_auto/142b26_87ac7f7d92a145b9aa2740c4a6898410~mv2.jpg | https://static.wixstatic.com/media/142b26_87ac7f7d92a145b9aa2740c4a6898410~mv2.jpg/v1/fit/w_960,h_1706,q_90,enc_avif,quality_auto/142b26_87ac7f7d92a145b9aa2740c4a6898410~mv2.jpg",downloaded,200,image/jpeg,5909367,3840,2160,JPEG,8006a56dd80b1a814b1e8a0523c0b939e701c41ec4da1bb4bccd39c4e31a772b,142b26_87ac7f7d92a145b9aa2740c4a6898410~mv2.webp,1920,1080,372964
142b26_89a3906d085c4518a1ce49864ebda77a~mv2.jpg,https://static.wixstatic.com/media/142b26_89a3906d085c4518a1ce49864ebda77a~mv2.jpg,"gallery,home",6,"https://static.wixstatic.com/media/142b26_89a3906d085c4518a1ce49864ebda77a~mv2.jpg/v1/fill/w_140,h_140,q_70,enc_avif,quality_auto/142b26_89a3906d085c4518a1ce49864ebda77a~mv2.jpg | https://static.wixstatic.com/media/142b26_89a3906d085c4518a1ce49864ebda77a~mv2.jpg/v1/fit/w_1440,h_2559,q_90,enc_avif,quality_auto/142b26_89a3906d085c4518a1ce49864ebda77a~mv2.jpg | https://static.wixstatic.com/media/142b26_89a3906d085c4518a1ce49864ebda77a~mv2.jpg/v1/fit/w_1920,h_3412,q_90,enc_avif,quality_auto/142b26_89a3906d085c4518a1ce49864ebda77a~mv2.jpg | https://static.wixstatic.com/media/142b26_89a3906d085c4518a1ce49864ebda77a~mv2.jpg/v1/fit/w_2160,h_3838,q_90,enc_avif,quality_auto/142b26_89a3906d085c4518a1ce49864ebda77a~mv2.jpg | https://static.wixstatic.com/media/142b26_89a3906d085c4518a1ce49864ebda77a~mv2.jpg/v1/fit/w_480,h_853,q_90,enc_avif,quality_auto/142b26_89a3906d085c4518a1ce49864ebda77a~mv2.jpg | https://static.wixstatic.com/media/142b26_89a3906d085c4518a1ce49864ebda77a~mv2.jpg/v1/fit/w_960,h_1706,q_90,enc_avif,quality_auto/142b26_89a3906d085c4518a1ce49864ebda77a~mv2.jpg",downloaded,200,image/jpeg,7878153,3840,2160,JPEG,48e2795c2aeaeaeb0ed4c926e88520512424f5618bb28fc37e74d6df893de2c1,142b26_89a3906d085c4518a1ce49864ebda77a~mv2.webp,1920,1080,530682
142b26_8d44293194ed48e097a3922533df8e23~mv2.png,https://static.wixstatic.com/media/142b26_8d44293194ed48e097a3922533df8e23~mv2.png,home,1,"https://static.wixstatic.com/media/142b26_8d44293194ed48e097a3922533df8e23~mv2.png/v1/fill/w_49,h_49,al_c,q_85,usm_0.66_1.00_0.01,blur_2,enc_avif,quality_auto/3.png",downloaded,200,image/png,47992,1080,1080,PNG,d92befc1c9a839ed8e7a8d322167e4b326c83481edaa98ba4bf2a5f29117a93d,142b26_8d44293194ed48e097a3922533df8e23~mv2.webp,1080,1080,22340
142b26_8ddd02a733d04a139fdd19e058e72d94~mv2.jpg,https://static.wixstatic.com/media/142b26_8ddd02a733d04a139fdd19e058e72d94~mv2.jpg,home,2,"https://static.wixstatic.com/media/142b26_8ddd02a733d04a139fdd19e058e72d94~mv2.jpg/v1/crop/x_479,y_117,w_2410,h_2718/fill/w_109,h_123,al_c,q_80,usm_0.66_1.00_0.01,blur_2,enc_avif,quality_auto/FINAL LAYOUT.jpg | https://static.wixstatic.com/media/142b26_8ddd02a733d04a139fdd19e058e72d94~mv2.jpg/v1/crop/x_563,y_64,w_2177,h_2824/fill/w_94,h_123,al_c,q_80,usm_0.66_1.00_0.01,blur_2,enc_auto/FINAL LAYOUT.jpg",downloaded,200,image/jpeg,11421624,3543,2953,JPEG,0917a7973690315da12b0386f2668ad908b758d40442b852dc58cdb5355e1dc5,142b26_8ddd02a733d04a139fdd19e058e72d94~mv2.webp,1920,1600,744176
142b26_98457ab978a1424ea9cda2583fe1def9~mv2.png,https://static.wixstatic.com/media/142b26_98457ab978a1424ea9cda2583fe1def9~mv2.png,home,1,"https://static.wixstatic.com/media/142b26_98457ab978a1424ea9cda2583fe1def9~mv2.png/v1/fill/w_49,h_49,al_c,q_85,usm_0.66_1.00_0.01,blur_2,enc_avif,quality_auto/7.png",downloaded,200,image/png,26154,1080,1080,PNG,8b07ebed29824daa899fd6496427ecebe0182058a406da953675135828aa45f4,142b26_98457ab978a1424ea9cda2583fe1def9~mv2.webp,1080,1080,9264
142b26_a329de8538c44092bb941ee925dbcd7c~mv2.png,https://static.wixstatic.com/media/142b26_a329de8538c44092bb941ee925dbcd7c~mv2.png,home,3,"https://static.wixstatic.com/media/142b26_a329de8538c44092bb941ee925dbcd7c~mv2.png/v1/fit/w_1920,h_927,q_90,enc_avif,quality_auto/142b26_a329de8538c44092bb941ee925dbcd7c~mv2.png | https://static.wixstatic.com/media/142b26_a329de8538c44092bb941ee925dbcd7c~mv2.png/v1/fit/w_3840,h_1854,q_90,enc_avif,quality_auto/142b26_a329de8538c44092bb941ee925dbcd7c~mv2.png | https://static.wixstatic.com/media/142b26_a329de8538c44092bb941ee925dbcd7c~mv2.png/v1/fit/w_4638,h_2239,q_90,enc_avif,quality_auto/142b26_a329de8538c44092bb941ee925dbcd7c~mv2.png",downloaded,200,image/png,9014222,3840,2705,PNG,1a92f7dbc5ad2e1de6f8864bc5667256e203c13727687ae1fc8b4ead3cf893a0,142b26_a329de8538c44092bb941ee925dbcd7c~mv2.webp,1920,1352,965278
142b26_a79caac8357141ef89993d2115817696~mv2.jpg,https://static.wixstatic.com/media/142b26_a79caac8357141ef89993d2115817696~mv2.jpg,"gallery,home",8,"https://static.wixstatic.com/media/142b26_a79caac8357141ef89993d2115817696~mv2.jpg/v1/fill/w_140,h_140,q_70,enc_avif,quality_auto/142b26_a79caac8357141ef89993d2115817696~mv2.jpg | https://static.wixstatic.com/media/142b26_a79caac8357141ef89993d2115817696~mv2.jpg/v1/fit/w_1440,h_2559,q_90,enc_avif,quality_auto/142b26_a79caac8357141ef89993d2115817696~mv2.jpg | https://static.wixstatic.com/media/142b26_a79caac8357141ef89993d2115817696~mv2.jpg/v1/fit/w_1920,h_1080,q_90,enc_avif,quality_auto/142b26_a79caac8357141ef89993d2115817696~mv2.jpg | https://static.wixstatic.com/media/142b26_a79caac8357141ef89993d2115817696~mv2.jpg/v1/fit/w_1920,h_3412,q_90,enc_avif,quality_auto/142b26_a79caac8357141ef89993d2115817696~mv2.jpg | https://static.wixstatic.com/media/142b26_a79caac8357141ef89993d2115817696~mv2.jpg/v1/fit/w_2160,h_3838,q_90,enc_avif,quality_auto/142b26_a79caac8357141ef89993d2115817696~mv2.jpg | https://static.wixstatic.com/media/142b26_a79caac8357141ef89993d2115817696~mv2.jpg/v1/fit/w_3840,h_2160,q_90,enc_avif,quality_auto/142b26_a79caac8357141ef89993d2115817696~mv2.jpg | https://static.wixstatic.com/media/142b26_a79caac8357141ef89993d2115817696~mv2.jpg/v1/fit/w_480,h_853,q_90,enc_avif,quality_auto/142b26_a79caac8357141ef89993d2115817696~mv2.jpg | https://static.wixstatic.com/media/142b26_a79caac8357141ef89993d2115817696~mv2.jpg/v1/fit/w_960,h_1706,q_90,enc_avif,quality_auto/142b26_a79caac8357141ef89993d2115817696~mv2.jpg",downloaded,200,image/jpeg,7804373,3840,2160,JPEG,b7c1fd5151f16efac3ec0c7dc6664e47ce6bbfa2ee5f24aac098a23cd5faea1b,142b26_a79caac8357141ef89993d2115817696~mv2.webp,1920,1080,547258
142b26_a8649ae42bca482cbbafe84794fe8a6e~mv2.jpg,https://static.wixstatic.com/media/142b26_a8649ae42bca482cbbafe84794fe8a6e~mv2.jpg,"gallery,home",6,"https://static.wixstatic.com/media/142b26_a8649ae42bca482cbbafe84794fe8a6e~mv2.jpg/v1/fill/w_140,h_140,q_70,enc_avif,quality_auto/142b26_a8649ae42bca482cbbafe84794fe8a6e~mv2.jpg | https://static.wixstatic.com/media/142b26_a8649ae42bca482cbbafe84794fe8a6e~mv2.jpg/v1/fit/w_1440,h_2559,q_90,enc_avif,quality_auto/142b26_a8649ae42bca482cbbafe84794fe8a6e~mv2.jpg | https://static.wixstatic.com/media/142b26_a8649ae42bca482cbbafe84794fe8a6e~mv2.jpg/v1/fit/w_1920,h_3412,q_90,enc_avif,quality_auto/142b26_a8649ae42bca482cbbafe84794fe8a6e~mv2.jpg | https://static.wixstatic.com/media/142b26_a8649ae42bca482cbbafe84794fe8a6e~mv2.jpg/v1/fit/w_2400,h_4265,q_90,enc_avif,quality_auto/142b26_a8649ae42bca482cbbafe84794fe8a6e~mv2.jpg | https://static.wixstatic.com/media/142b26_a8649ae42bca482cbbafe84794fe8a6e~mv2.jpg/v1/fit/w_480,h_853,q_90,enc_avif,quality_auto/142b26_a8649ae42bca482cbbafe84794fe8a6e~mv2.jpg | https://static.wixstatic.com/media/142b26_a8649ae42bca482cbbafe84794fe8a6e~mv2.jpg/v1/fit/w_960,h_1706,q_90,enc_avif,quality_auto/142b26_a8649ae42bca482cbbafe84794fe8a6e~mv2.jpg",downloaded,200,image/jpeg,23931388,7680,4320,JPEG,bd3b04b0927c33028d02ec38fe299cce106d93753fe429819e15dc63cebe5489,142b26_a8649ae42bca482cbbafe84794fe8a6e~mv2.webp,1920,1080,398740
142b26_acda3bc9aaa84bfc976803cdcbdce73f~mv2.jpg,https://static.wixstatic.com/media/142b26_acda3bc9aaa84bfc976803cdcbdce73f~mv2.jpg,home,5,"https://static.wixstatic.com/media/142b26_acda3bc9aaa84bfc976803cdcbdce73f~mv2.jpg/v1/fit/w_1440,h_2559,q_90,enc_avif,quality_auto/142b26_acda3bc9aaa84bfc976803cdcbdce73f~mv2.jpg | https://static.wixstatic.com/media/142b26_acda3bc9aaa84bfc976803cdcbdce73f~mv2.jpg/v1/fit/w_1920,h_3412,q_90,enc_avif,quality_auto/142b26_acda3bc9aaa84bfc976803cdcbdce73f~mv2.jpg | https://static.wixstatic.com/media/142b26_acda3bc9aaa84bfc976803cdcbdce73f~mv2.jpg/v1/fit/w_2400,h_4265,q_90,enc_avif,quality_auto/142b26_acda3bc9aaa84bfc976803cdcbdce73f~mv2.jpg | https://static.wixstatic.com/media/142b26_acda3bc9aaa84bfc976803cdcbdce73f~mv2.jpg/v1/fit/w_480,h_853,q_90,enc_avif,quality_auto/142b26_acda3bc9aaa84bfc976803cdcbdce73f~mv2.jpg | https://static.wixstatic.com/media/142b26_acda3bc9aaa84bfc976803cdcbdce73f~mv2.jpg/v1/fit/w_960,h_1706,q_90,enc_avif,quality_auto/142b26_acda3bc9aaa84bfc976803cdcbdce73f~mv2.jpg",downloaded,200,image/jpeg,25585006,7680,4320,JPEG,8b45b931bcca28d1ea00d5cdbc8be6908a9d5808fb5fea22d0d5b8125a8a0ee5,142b26_acda3bc9aaa84bfc976803cdcbdce73f~mv2.webp,1920,1080,477780
142b26_b52923b4599745df825e9d06157b43d3~mv2.jpg,https://static.wixstatic.com/media/142b26_b52923b4599745df825e9d06157b43d3~mv2.jpg,home,2,"https://static.wixstatic.com/media/142b26_b52923b4599745df825e9d06157b43d3~mv2.jpg/v1/fit/w_1600,h_773,q_90,enc_avif,quality_auto/142b26_b52923b4599745df825e9d06157b43d3~mv2.jpg | https://static.wixstatic.com/media/142b26_b52923b4599745df825e9d06157b43d3~mv2.jpg/v1/fit/w_1931,h_932,q_90,enc_avif,quality_auto/142b26_b52923b4599745df825e9d06157b43d3~mv2.jpg",downloaded,200,image/jpeg,429362,1600,1127,JPEG,3f92b1165ca6edd7211b301e06e22f42c580f971ff7db254cc05f135c7eee73c,142b26_b52923b4599745df825e9d06157b43d3~mv2.webp,1600,1127,562814
142b26_bdabb7cd17f741ee815019462732e449~mv2.jpg,https://static.wixstatic.com/media/142b26_bdabb7cd17f741ee815019462732e449~mv2.jpg,"gallery,home",6,"https://static.wixstatic.com/media/142b26_bdabb7cd17f741ee815019462732e449~mv2.jpg/v1/fill/w_140,h_140,q_70,enc_avif,quality_auto/142b26_bdabb7cd17f741ee815019462732e449~mv2.jpg | https://static.wixstatic.com/media/142b26_bdabb7cd17f741ee815019462732e449~mv2.jpg/v1/fit/w_1440,h_2559,q_90,enc_avif,quality_auto/142b26_bdabb7cd17f741ee815019462732e449~mv2.jpg | https://static.wixstatic.com/media/142b26_bdabb7cd17f741ee815019462732e449~mv2.jpg/v1/fit/w_1920,h_3412,q_90,enc_avif,quality_auto/142b26_bdabb7cd17f741ee815019462732e449~mv2.jpg | https://static.wixstatic.com/media/142b26_bdabb7cd17f741ee815019462732e449~mv2.jpg/v1/fit/w_2160,h_3838,q_90,enc_avif,quality_auto/142b26_bdabb7cd17f741ee815019462732e449~mv2.jpg | https://static.wixstatic.com/media/142b26_bdabb7cd17f741ee815019462732e449~mv2.jpg/v1/fit/w_480,h_853,q_90,enc_avif,quality_auto/142b26_bdabb7cd17f741ee815019462732e449~mv2.jpg | https://static.wixstatic.com/media/142b26_bdabb7cd17f741ee815019462732e449~mv2.jpg/v1/fit/w_960,h_1706,q_90,enc_avif,quality_auto/142b26_bdabb7cd17f741ee815019462732e449~mv2.jpg",downloaded,200,image/jpeg,6620333,3840,2160,JPEG,0b1afec93bd24dd091c85a6201403f79eaa63ff720357eb5ebfd9818e2a7f2c2,142b26_bdabb7cd17f741ee815019462732e449~mv2.webp,1920,1080,408454
142b26_bddb7151495f4ff2a9d71a606def46bf~mv2.jpeg,https://static.wixstatic.com/media/142b26_bddb7151495f4ff2a9d71a606def46bf~mv2.jpeg,gallery,1,"https://static.wixstatic.com/media/142b26_bddb7151495f4ff2a9d71a606def46bf~mv2.jpeg/v1/fit/w_2500,h_1330,al_c/142b26_bddb7151495f4ff2a9d71a606def46bf~mv2.jpeg",downloaded,200,image/jpeg,1128198,3840,2160,JPEG,3862342a9c434735be228b5025f469f4bd986cdb3aa8bddc23cf5f935201688c,142b26_bddb7151495f4ff2a9d71a606def46bf~mv2.webp,1920,1080,358870
142b26_cb62ea3cf3a1420399ec2e43c1dee85f~mv2.png,https://static.wixstatic.com/media/142b26_cb62ea3cf3a1420399ec2e43c1dee85f~mv2.png,home,1,"https://static.wixstatic.com/media/142b26_cb62ea3cf3a1420399ec2e43c1dee85f~mv2.png/v1/fill/w_128,h_90,al_c,q_85,usm_0.66_1.00_0.01,blur_3,enc_avif,quality_auto/142b26_cb62ea3cf3a1420399ec2e43c1dee85f~mv2.png",downloaded,200,image/png,755598,1320,930,JPEG,e1de824cfafe22f615123b973b2f159b328e6af81aca9369aa105db428aaf1db,142b26_cb62ea3cf3a1420399ec2e43c1dee85f~mv2.webp,1320,930,506004
142b26_cd563b0ece6c49289d86579ecbc7c6bb~mv2.png,https://static.wixstatic.com/media/142b26_cd563b0ece6c49289d86579ecbc7c6bb~mv2.png,home,1,"https://static.wixstatic.com/media/142b26_cd563b0ece6c49289d86579ecbc7c6bb~mv2.png/v1/fill/w_49,h_49,al_c,q_85,usm_0.66_1.00_0.01,blur_2,enc_avif,quality_auto/6.png",downloaded,200,image/png,38949,1080,1080,PNG,e1d6c954749c1dc767ecafc73f6e4220d7cd708920fc44a9691b704afb610258,142b26_cd563b0ece6c49289d86579ecbc7c6bb~mv2.webp,1080,1080,16314
142b26_d9c0a047f545422a8b53ee00aed7b1e0~mv2.png,https://static.wixstatic.com/media/142b26_d9c0a047f545422a8b53ee00aed7b1e0~mv2.png,home,2,"https://static.wixstatic.com/media/142b26_d9c0a047f545422a8b53ee00aed7b1e0~mv2.png/v1/crop/x_0,y_144,w_1320,h_766/fill/w_593,h_344,fp_0.50_0.50,q_85,usm_0.66_1.00_0.01,enc_avif,quality_auto/IMG_6187_PNG.png | https://static.wixstatic.com/media/142b26_d9c0a047f545422a8b53ee00aed7b1e0~mv2.png/v1/fill/w_128,h_90,al_c,q_85,usm_0.66_1.00_0.01,blur_3,enc_avif,quality_auto/142b26_d9c0a047f545422a8b53ee00aed7b1e0~mv2.png",downloaded,200,image/png,594969,1320,930,JPEG,545fe0045970e8c76f21fc49f5cdb4abe29c4e7f43ed9e9c467759998acb520b,142b26_d9c0a047f545422a8b53ee00aed7b1e0~mv2.webp,1320,930,370046
142b26_d9f37ad4d1d74e65a62892327167ed6b~mv2.jpg,https://static.wixstatic.com/media/142b26_d9f37ad4d1d74e65a62892327167ed6b~mv2.jpg,"gallery,home",8,"https://static.wixstatic.com/media/142b26_d9f37ad4d1d74e65a62892327167ed6b~mv2.jpg/v1/fill/w_140,h_140,q_70,enc_avif,quality_auto/142b26_d9f37ad4d1d74e65a62892327167ed6b~mv2.jpg | https://static.wixstatic.com/media/142b26_d9f37ad4d1d74e65a62892327167ed6b~mv2.jpg/v1/fit/w_1440,h_2559,q_90,enc_avif,quality_auto/142b26_d9f37ad4d1d74e65a62892327167ed6b~mv2.jpg | https://static.wixstatic.com/media/142b26_d9f37ad4d1d74e65a62892327167ed6b~mv2.jpg/v1/fit/w_1920,h_1080,q_90,enc_avif,quality_auto/142b26_d9f37ad4d1d74e65a62892327167ed6b~mv2.jpg | https://static.wixstatic.com/media/142b26_d9f37ad4d1d74e65a62892327167ed6b~mv2.jpg/v1/fit/w_1920,h_3412,q_90,enc_avif,quality_auto/142b26_d9f37ad4d1d74e65a62892327167ed6b~mv2.jpg | https://static.wixstatic.com/media/142b26_d9f37ad4d1d74e65a62892327167ed6b~mv2.jpg/v1/fit/w_2160,h_3838,q_90,enc_avif,quality_auto/142b26_d9f37ad4d1d74e65a62892327167ed6b~mv2.jpg | https://static.wixstatic.com/media/142b26_d9f37ad4d1d74e65a62892327167ed6b~mv2.jpg/v1/fit/w_3840,h_2160,q_90,enc_avif,quality_auto/142b26_d9f37ad4d1d74e65a62892327167ed6b~mv2.jpg | https://static.wixstatic.com/media/142b26_d9f37ad4d1d74e65a62892327167ed6b~mv2.jpg/v1/fit/w_480,h_853,q_90,enc_avif,quality_auto/142b26_d9f37ad4d1d74e65a62892327167ed6b~mv2.jpg | https://static.wixstatic.com/media/142b26_d9f37ad4d1d74e65a62892327167ed6b~mv2.jpg/v1/fit/w_960,h_1706,q_90,enc_avif,quality_auto/142b26_d9f37ad4d1d74e65a62892327167ed6b~mv2.jpg",downloaded,200,image/jpeg,6165012,3840,2160,JPEG,c9acbb40708829cfd9b7928e45b25dbde4d1fe639335cb6249f644fb46c79be1,142b26_d9f37ad4d1d74e65a62892327167ed6b~mv2.webp,1920,1080,353322
142b26_e952e8d04d6546b5866e374206744e87~mv2.jpg,https://static.wixstatic.com/media/142b26_e952e8d04d6546b5866e374206744e87~mv2.jpg,home,5,"https://static.wixstatic.com/media/142b26_e952e8d04d6546b5866e374206744e87~mv2.jpg/v1/fit/w_1440,h_2559,q_90,enc_avif,quality_auto/142b26_e952e8d04d6546b5866e374206744e87~mv2.jpg | https://static.wixstatic.com/media/142b26_e952e8d04d6546b5866e374206744e87~mv2.jpg/v1/fit/w_1920,h_3412,q_90,enc_avif,quality_auto/142b26_e952e8d04d6546b5866e374206744e87~mv2.jpg | https://static.wixstatic.com/media/142b26_e952e8d04d6546b5866e374206744e87~mv2.jpg/v1/fit/w_2160,h_3838,q_90,enc_avif,quality_auto/142b26_e952e8d04d6546b5866e374206744e87~mv2.jpg | https://static.wixstatic.com/media/142b26_e952e8d04d6546b5866e374206744e87~mv2.jpg/v1/fit/w_480,h_853,q_90,enc_avif,quality_auto/142b26_e952e8d04d6546b5866e374206744e87~mv2.jpg | https://static.wixstatic.com/media/142b26_e952e8d04d6546b5866e374206744e87~mv2.jpg/v1/fit/w_960,h_1706,q_90,enc_avif,quality_auto/142b26_e952e8d04d6546b5866e374206744e87~mv2.jpg",downloaded,200,image/jpeg,7556635,3840,2160,JPEG,da3d1949cab940a69b031bc97d7dc59ed5ed1d6c4985f109c806db5cfc3b960c,142b26_e952e8d04d6546b5866e374206744e87~mv2.webp,1920,1080,487682
142b26_e9917bb73fc94531948ef638eba5a051~mv2.jpg,https://static.wixstatic.com/media/142b26_e9917bb73fc94531948ef638eba5a051~mv2.jpg,home,2,"https://static.wixstatic.com/media/142b26_e9917bb73fc94531948ef638eba5a051~mv2.jpg/v1/fit/w_1320,h_700,q_90,enc_avif,quality_auto/142b26_e9917bb73fc94531948ef638eba5a051~mv2.jpg | https://static.wixstatic.com/media/142b26_e9917bb73fc94531948ef638eba5a051~mv2.jpg/v1/fit/w_1521,h_806,q_90,enc_avif,quality_auto/142b26_e9917bb73fc94531948ef638eba5a051~mv2.jpg",downloaded,200,image/jpeg,248522,1320,930,JPEG,e0d1e94c4a9217ef72874f7b7b7639847c692190841a4bcde57ae4c579f4feba,142b26_e9917bb73fc94531948ef638eba5a051~mv2.webp,1320,930,311366
a6cde1_0fba9e5e285949f28357eae29494b6a1~mv2.jpg,https://static.wixstatic.com/media/a6cde1_0fba9e5e285949f28357eae29494b6a1~mv2.jpg,"gallery,home",2,"https://static.wixstatic.com/media/a6cde1_0fba9e5e285949f28357eae29494b6a1~mv2.jpg/v1/crop/x_259,y_147,w_13424,h_7599/fill/w_1284,h_735,fp_0.50_0.50,q_85,usm_0.66_1.00_0.01,enc_avif,quality_auto/Agratha Footer Page 1.jpg | https://static.wixstatic.com/media/a6cde1_0fba9e5e285949f28357eae29494b6a1~mv2.jpg/v1/crop/x_259,y_147,w_13424,h_7599/fill/w_147,h_83,al_c,q_80,usm_0.66_1.00_0.01,blur_2,enc_avif,quality_auto/Agratha Footer Page 1.jpg",downloaded,200,image/jpeg,25941936,13942,7892,JPEG,4425b8fff1290b74e6bfa7e5215224e04eb93631b00273e4e0055a49afd26625,a6cde1_0fba9e5e285949f28357eae29494b6a1~mv2.webp,1920,1087,125628
